{
  "iterations": [
    0,
    5,
    10,
    15,
    20,
    25,
    30,
    35,
    40,
    45,
    50,
    55,
    60,
    65,
    70,
    75,
    80,
    85,
    90,
    95,
    100,
    105,
    110,
    115,
    120,
    125,
    130,
    135,
    140,
    145,
    150
  ],
  "time": [
    6.110342025756836,
    37.22671031951904,
    70.4935953617096,
    103.68704128265381,
    136.4475336074829,
    169.45305848121643,
    202.00098252296448,
    234.71706795692444,
    267.8130283355713,
    300.4331488609314,
    332.8664484024048,
    370.91968750953674,
    409.76072001457214,
    447.5030961036682,
    484.1389420032501,
    517.1652326583862,
    549.9191567897797,
    588.2673449516296,
    620.8585333824158,
    658.2526161670685,
    694.3392791748047,
    731.6301419734955,
    769.0683028697968,
    804.5082998275757,
    837.794867515564,
    876.5090208053589,
    909.4708096981049,
    947.1155872344971,
    985.4459459781647,
    1022.8674573898315,
    1060.8201632499695
  ],
  "rewards": [
    -0.10520550608634949,
    -0.019837288185954094,
    0.03865829482674599,
    0.08905448019504547,
    -0.07202477753162384,
    0.03970305994153023,
    0.11123292148113251,
    0.1554184854030609,
    0.23631860315799713,
    0.1522146761417389,
    0.2666989266872406,
    0.29337814450263977,
    0.15916532278060913,
    0.19595104455947876,
    0.2819990813732147,
    0.3013628125190735,
    0.2639569342136383,
    0.31705203652381897,
    0.01334425713866949,
    0.32064440846443176,
    0.29800447821617126,
    0.41828522086143494,
    0.18492840230464935,
    0.2844497263431549,
    0.4406709671020508,
    0.31767675280570984,
    0.5643700957298279,
    0.3590224087238312,
    0.5635002851486206,
    0.3420875668525696,
    0.3676503300666809
  ]
}