{
  "iterations": [
    0,
    5,
    10,
    15,
    20,
    25,
    30,
    35,
    40,
    45,
    50,
    55,
    60,
    65,
    70,
    75,
    80,
    85,
    90,
    95,
    100,
    105,
    110,
    115,
    120,
    125,
    130,
    135,
    140,
    145,
    150
  ],
  "time": [
    6.248716354370117,
    37.95074534416199,
    70.22409701347351,
    102.43309044837952,
    135.12736296653748,
    168.06348419189453,
    200.79929447174072,
    233.54698848724365,
    267.44212675094604,
    300.6016182899475,
    333.4073872566223,
    367.50708961486816,
    406.9545385837555,
    445.9911677837372,
    480.4478278160095,
    520.2533702850342,
    554.0381054878235,
    586.8235168457031,
    622.5504283905029,
    658.5468773841858,
    692.0080373287201,
    729.2251138687134,
    767.6785233020782,
    802.9884836673737,
    835.8926796913147,
    867.4523003101349,
    899.0746035575867,
    931.4627022743225,
    962.9868938922882,
    995.6756250858307,
    1027.7668793201447
  ],
  "rewards": [
    -0.23393027484416962,
    0.0005816767807118595,
    0.025230981409549713,
    -0.01195634063333273,
    0.11333101242780685,
    0.14138351380825043,
    -0.016027258709073067,
    0.1157933920621872,
    -0.1481654942035675,
    -0.03338799998164177,
    0.1261346936225891,
    0.0969778448343277,
    0.2168419361114502,
    0.07029791176319122,
    0.16023309528827667,
    -0.09375373274087906,
    0.19609932601451874,
    0.13791224360466003,
    0.186567485332489,
    0.1446181982755661,
    0.13702552020549774,
    -0.03213445469737053,
    0.09051427990198135,
    0.10207726806402206,
    0.5328243970870972,
    0.2526240050792694,
    0.40627190470695496,
    0.3212019205093384,
    0.25181493163108826,
    0.27667802572250366,
    0.4993661642074585
  ]
}